title,author,star,price,src,href,rank,year
原子習慣,詹姆斯．克利爾,4.5,196,https://kbimages1-a.akamaihd.net/92214e93-fa53-49c7-9fc4-d32735187c15/140/215/60/False/pGo8y2e4ET6pdObwFQDfkg.jpg,https://www.kobo.com/tw/zh/ebook/pGo8y2e4ET6pdObwFQDfkg,1,2019
真確：扭轉十大直覺偏誤，發現事情比你想的美好,漢斯．羅斯林,4.5,238,https://kbimages1-a.akamaihd.net/787950cf-36ca-480c-8b17-f237f87bce30/140/215/60/False/tG1aCXbY1zG4OkF74QbGYQ.jpg,https://www.kobo.com/tw/zh/ebook/tG1aCXbY1zG4OkF74QbGYQ,2,2019
人生複本【燒腦神作，零負評！】,布萊克．克勞奇,4.5,232,https://kbimages1-a.akamaihd.net/cbcfd485-ac07-43a8-aa30-dba7a94a307f/140/215/60/False/ejIfELnxhDyrtdMPK98Qsw.jpg,https://www.kobo.com/tw/zh/ebook/ejIfELnxhDyrtdMPK98Qsw,3,2019
子彈思考整理術：釐清超載思緒，化想法為行動，專注最重要的事，設計你想要的人生,瑞德．卡洛 Ryder Carroll,4.5,250,https://kbimages1-a.akamaihd.net/7bf6e146-7b95-4ca4-8884-7d4b5d1cf0d4/140/215/60/False/Ug4ioj457zmQbfVGxD3gZg.jpg,https://www.kobo.com/tw/zh/ebook/Ug4ioj457zmQbfVGxD3gZg,4,2019
惡血：矽谷獨角獸的醫療騙局！深藏血液裡的祕密、謊言與金錢,約翰．凱瑞魯 John Carreyrou,4.5,265,https://kbimages1-a.akamaihd.net/a623eee7-7cd7-4982-88f1-ee4f7beb75fb/140/215/60/False/bXg84NYYXDWDpfk0RzKCzQ.jpg,https://www.kobo.com/tw/zh/ebook/bXg84NYYXDWDpfk0RzKCzQ,5,2019
說理Ｉ：任何場合都能展現智慧、達成說服的語言技術,傑伊．海因里希斯 Jay Heinrichs,4.5,327,https://kbimages1-a.akamaihd.net/153d2ae0-4366-465d-9083-2dfcde8703a8/140/215/60/False/i-310.jpg,https://www.kobo.com/tw/zh/ebook/i-310,6,2019
21世紀的21堂課,哈拉瑞 Yuval Noah Harari,4.5,383,https://kbimages1-a.akamaihd.net/5d774e9b-38cb-4a4d-b0dd-1f0542fc6425/140/215/60/False/6gUeHjagvTyL-UF0OKXi6w.jpg,https://www.kobo.com/tw/zh/ebook/6gUeHjagvTyL-UF0OKXi6w,7,2019
Learn Better學得更好,烏瑞克．鮑澤,4.5,196,https://kbimages1-a.akamaihd.net/c52a2f28-a8f9-4a4f-990a-db620cd6f9cc/140/215/60/False/learn-better-3.jpg,https://www.kobo.com/tw/zh/ebook/learn-better-3,8,2019
花掉的錢都會自己流回來,Mentalist DaiGo,4.0,166,https://kbimages1-a.akamaihd.net/153a9810-b0d4-4223-99ff-bfa349306072/140/215/60/False/TPkBeRlmTTCdbIblKhAiiw.jpg,https://www.kobo.com/tw/zh/ebook/TPkBeRlmTTCdbIblKhAiiw,9,2019
金錢心理學：打破你對金錢的迷思，學會聰明花費,丹．艾瑞利Dan Ariely、傑夫・克萊斯勒Jeff Kreisler,4.5,287,https://kbimages1-a.akamaihd.net/908ba296-ee40-4117-be69-a3b185a61345/140/215/60/False/PZbs2hN4-DennOqtNX0TLw.jpg,https://www.kobo.com/tw/zh/ebook/PZbs2hN4-DennOqtNX0TLw,10,2019
人生勝利聖經：向100位世界強者學習健康、財富和人生智慧,提摩西．費里斯 Timothy Ferriss,4.5,387,https://kbimages1-a.akamaihd.net/31c73f35-e50d-4f37-ba0d-8c0b3fd42156/140/215/60/False/AxSGcvlwQDK0EL5t3f1Acg.jpg,https://www.kobo.com/tw/zh/ebook/AxSGcvlwQDK0EL5t3f1Acg,11,2019
人類大歷史,哈拉瑞,4.5,383,https://kbimages1-a.akamaihd.net/b9b6ae65-4546-41b4-95f0-badbe80eabb4/140/215/60/False/XG94YS9yUT-mOsJ2EcHXuw.jpg,https://www.kobo.com/tw/zh/ebook/XG94YS9yUT-mOsJ2EcHXuw,12,2019
華頓商學院最受歡迎的談判課：上完這堂課，世界都會聽你的【暢銷20萬冊增修版】,史都華．戴蒙,4.0,238,https://kbimages1-a.akamaihd.net/27ad2550-3e23-42e8-968c-92ac9f7aa742/140/215/60/False/ggdrbeOUdD-AAxCGEZ_YRA.jpg,https://www.kobo.com/tw/zh/ebook/ggdrbeOUdD-AAxCGEZ_YRA,13,2019
OKR：做最重要的事,約翰．杜爾John Doerr,4.5,287,https://kbimages1-a.akamaihd.net/4e857b8b-760d-44d6-a5dc-e1d2988abbb8/140/215/60/False/okr-2.jpg,https://www.kobo.com/tw/zh/ebook/okr-2,14,2019
說理Ⅱ：後真相時代穿透分歧、建立共識的思維技術,傑伊．海因里希斯 Jay Heinrichs,3.5,327,https://kbimages1-a.akamaihd.net/793cafaf-cec1-4f7e-89d3-3ee6bd2a7b5a/140/215/60/False/ii-236.jpg,https://www.kobo.com/tw/zh/ebook/ii-236,15,2019
史丹佛大學心理學講義，人生順利的簡單法則,凱莉．麥高尼格,4.5,179,https://kbimages1-a.akamaihd.net/110cf050-6b56-4a09-aa13-2f8c4495e1d0/140/215/60/False/K_FH2gEQmzWOnH7lhDD9ow.jpg,https://www.kobo.com/tw/zh/ebook/K_FH2gEQmzWOnH7lhDD9ow,16,2019
一日三餐減醣料理,娜塔,4.0,226,https://kbimages1-a.akamaihd.net/86f3522c-8893-462d-b5d1-58b98548fa3b/140/215/60/False/wC6_yU8f2Tmn6yRduJknXQ.jpg,https://www.kobo.com/tw/zh/ebook/wC6_yU8f2Tmn6yRduJknXQ,17,2019
複利效應：6步驟引爆收入、生活和各項成就倍數成長,戴倫．哈迪,4.5,226,https://kbimages1-a.akamaihd.net/a233e48b-4641-4f0f-8092-6df38f720339/140/215/60/False/MzOQZVyGeT29bQxNltbIVQ.jpg,https://www.kobo.com/tw/zh/ebook/MzOQZVyGeT29bQxNltbIVQ,18,2019
知識的假象：為什麼我們從未獨立思考？,史蒂芬．斯洛曼,4.5,202,https://kbimages1-a.akamaihd.net/7b5b336d-ae7c-4225-b749-088f26543455/140/215/60/False/1vVvKUHGazmi4kfTnhZy6g.jpg,https://www.kobo.com/tw/zh/ebook/1vVvKUHGazmi4kfTnhZy6g,19,2019
掌握市場週期：價值投資大師霍華．馬克斯教你看對市場時機，提高投資勝算,霍華．馬克斯,4.0,277,https://kbimages1-a.akamaihd.net/9ef558db-5cd5-4d51-856d-1d1e7cc5cabd/140/215/60/False/Jd4UKkLedD2QSbltV5s1-A.jpg,https://www.kobo.com/tw/zh/ebook/Jd4UKkLedD2QSbltV5s1-A,20,2019
先問，為什麼？顛覆慣性思考的黃金圈理論，啟動你的感召領導力（新增訂版）,賽門．西奈克 Simon Sinek,4.5,226,https://kbimages1-a.akamaihd.net/f908cd7e-6e2a-4df6-aa28-2c3de82adfa9/140/215/60/False/1iKY1ahEwzeXetqPe6mRaw.jpg,https://www.kobo.com/tw/zh/ebook/1iKY1ahEwzeXetqPe6mRaw,21,2019
被討厭的勇氣：自我啟發之父「阿德勒」的教導,岸見一郎,4.5,179,https://kbimages1-a.akamaihd.net/78553f24-ced7-4f1d-8515-5546421ebd4d/140/215/60/False/nvedXSs0ujimMMwueunJew.jpg,https://www.kobo.com/tw/zh/ebook/nvedXSs0ujimMMwueunJew,22,2019
窮查理的普通常識（增修版）：巴菲特50年智慧合夥人查理．蒙格的人生哲學,查理．蒙格 Charles T. Mun,5.0,277,https://kbimages1-a.akamaihd.net/d76ec374-f8fe-41f5-86a7-4009790dec98/140/215/60/False/9RQc6pAmtDSbQ3pEJML55Q.jpg,https://www.kobo.com/tw/zh/ebook/9RQc6pAmtDSbQ3pEJML55Q,23,2019
為什麼我們這樣生活，那樣工作？,查爾斯．杜希格,4.5,199,https://kbimages1-a.akamaihd.net/fb91c95d-45b3-47df-9dee-2d6077b53b85/140/215/60/False/NXUCYsE9cD6OWhvtdTqQQQ.jpg,https://www.kobo.com/tw/zh/ebook/NXUCYsE9cD6OWhvtdTqQQQ,24,2019
82年生的金智英,趙南柱（조남주）,4.5,162,https://kbimages1-a.akamaihd.net/ec986dea-a2e6-4f3d-b7c6-c635643222b7/140/215/60/False/ULG652KcSzCYqqQUTLxaDA.jpg,https://www.kobo.com/tw/zh/ebook/ULG652KcSzCYqqQUTLxaDA,25,2019
拖延心理學【暢銷35週年增修新版】：為什麼我老是愛拖延？是與生俱來的壞習慣，還是身不由己？,珍‧博克(Jane B. Burka)，萊諾拉‧袁(Lenora M. Yuen),4.5,198,https://kbimages1-a.akamaihd.net/c4991aba-98a2-4e92-979e-ffb4c1634eda/140/215/60/False/cRfjt415iTefgSmETom1dg.jpg,https://www.kobo.com/tw/zh/ebook/cRfjt415iTefgSmETom1dg,26,2019
刻意練習：原創者全面解析，比天賦更關鍵的學習法,安德斯‧艾瑞克森（Anders Ericsson）,4.5,190,https://kbimages1-a.akamaihd.net/fd61db57-96d8-4ebc-85ca-c167e027f620/140/215/60/False/oLdTAD0Ozj2s12drBU_-TA.jpg,https://www.kobo.com/tw/zh/ebook/oLdTAD0Ozj2s12drBU_-TA,27,2019
大器可以晚成：當世界沉迷年少得志，耐心是你成功的本事,里奇．卡爾加德(Rich Karlgaard),4.0,226,https://kbimages1-a.akamaihd.net/d592dc83-7999-49e5-acbc-4a2d81ab9845/140/215/60/False/OMPfFss3uTu5VEcQ2NE2ug.jpg,https://www.kobo.com/tw/zh/ebook/OMPfFss3uTu5VEcQ2NE2ug,28,2019
投資最重要的事：一本股神巴菲特讀了兩遍的書,霍華．馬克斯,4.5,234,https://kbimages1-a.akamaihd.net/9102d66a-8009-489d-9219-2a72f0ade0e1/140/215/60/False/nSRxSjjyhjavzfnJTENJXA.jpg,https://www.kobo.com/tw/zh/ebook/nSRxSjjyhjavzfnJTENJXA,29,2019
完成：把不了了之的待辦目標變成以實現的有效練習,喬恩‧阿考夫 Jon Acuff,4.5,208,https://kbimages1-a.akamaihd.net/93e2ef6c-43d3-415e-acf6-b3d4c988a8ac/140/215/60/False/J6OmdSqMHDKveaWHJlTvUA.jpg,https://www.kobo.com/tw/zh/ebook/J6OmdSqMHDKveaWHJlTvUA,30,2019
離開公司，我過得還不錯： 成為自由工作者的理想生活提案,劉揚銘,4.5,177,https://kbimages1-a.akamaihd.net/2b84ea7b-ae98-45dc-9b4e-ae996f75272e/140/215/60/False/Hwy77z5r4zyPk_xqWWvfkg.jpg,https://www.kobo.com/tw/zh/ebook/Hwy77z5r4zyPk_xqWWvfkg,31,2019
安靜是種超能力：寫給內向者的職場進擊指南，話不多，但大家都會聽你說,張瀞仁,4.5,226,https://kbimages1-a.akamaihd.net/513c23be-6ef4-42c3-8729-3ebc436a0e3e/140/215/60/False/TTFnqnRmFjWL4LRzn6AHPw.jpg,https://www.kobo.com/tw/zh/ebook/TTFnqnRmFjWL4LRzn6AHPw,32,2019
江湖在走，法律要懂：法律白話文小學堂,法律白話文運動,4.5,199,https://kbimages1-a.akamaihd.net/bc5b95c7-cc89-4f90-8141-33e8b2b3bae0/140/215/60/False/p91HBoB-Hj6WBh03yOEAfw.jpg,https://www.kobo.com/tw/zh/ebook/p91HBoB-Hj6WBh03yOEAfw,33,2019
高績效心智：全新聰明工作學，讓你成為最厲害的1%,莫頓．韓森Morten T. Hansen,4.5,287,https://kbimages1-a.akamaihd.net/fa4bf64f-3264-4cb6-8e51-a55d6b9612fc/140/215/60/False/EdwP4AoTDTiqwS3WaaPgrg.jpg,https://www.kobo.com/tw/zh/ebook/EdwP4AoTDTiqwS3WaaPgrg,34,2019
蜜蜂與遠雷,恩田陸,4.0,297,https://kbimages1-a.akamaihd.net/32e343c6-9aac-4172-810e-976cb951e5ed/140/215/60/False/OIng5NN2ZzClQMuI-ITUiw.jpg,https://www.kobo.com/tw/zh/ebook/OIng5NN2ZzClQMuI-ITUiw,35,2019
倚天屠龍記合集,金庸,4.5,531,https://kbimages1-a.akamaihd.net/af30d049-b589-44df-a5ac-072862c0093d/140/215/60/False/NXrb__2Q_z-s5bUH2OAOzQ.jpg,https://www.kobo.com/tw/zh/ebook/NXrb__2Q_z-s5bUH2OAOzQ,36,2019
有錢人想的和你不一樣,T. 哈福．艾克,4.5,138,https://kbimages1-a.akamaihd.net/6d81795c-f658-4fd1-94c3-f236c9cfca8f/140/215/60/False/VnVjpr-87TKBHwMpDOEb8w.jpg,https://www.kobo.com/tw/zh/ebook/VnVjpr-87TKBHwMpDOEb8w,37,2019
天龍八部合集,金庸,5.0,664,https://kbimages1-a.akamaihd.net/64ebe263-bcaf-44f2-a262-8efdb5197e9f/140/215/60/False/tPtJqwK1fDiNXcfw99CYGg.jpg,https://www.kobo.com/tw/zh/ebook/tPtJqwK1fDiNXcfw99CYGg,38,2019
射鵰英雄傳合集,金庸,5.0,531,https://kbimages1-a.akamaihd.net/1cc056c3-5f6e-43d1-b249-2828daff8feb/140/215/60/False/PFxm6xFc3T2VxwoDtqKQhA.jpg,https://www.kobo.com/tw/zh/ebook/PFxm6xFc3T2VxwoDtqKQhA,39,2019
神鵰俠侶合集,金庸,5.0,531,https://kbimages1-a.akamaihd.net/8996b4c6-5ac8-41aa-a25a-a0ddfe656594/140/215/60/False/c15Zo7EsrjawK7I90Ac35A.jpg,https://www.kobo.com/tw/zh/ebook/c15Zo7EsrjawK7I90Ac35A,40,2019
笑傲江湖合集,金庸,4.0,531,https://kbimages1-a.akamaihd.net/9194de44-529b-4f34-b0ba-7d898a9d7f83/140/215/60/False/96q_M3heozqqFNDeuIHrIA.jpg,https://www.kobo.com/tw/zh/ebook/96q_M3heozqqFNDeuIHrIA,41,2019
槍炮、病菌與鋼鐵：人類社會的命運‧25週年暢銷紀念版,賈德．戴蒙 Jared Diamond,0.0,265,https://kbimages1-a.akamaihd.net/b960b512-d684-41e0-b398-34b223befe6c/140/215/60/False/SeNBxxR2hzCZdTAAXrWvzw.jpg,https://www.kobo.com/tw/zh/ebook/SeNBxxR2hzCZdTAAXrWvzw,42,2019
情緒賽局：揭開決策背後的情緒機制， 8位諾貝爾經濟學獎得主盛讚，提高人生勝率的 23項贏家邏輯,艾雅爾‧溫特,4.5,250,https://kbimages1-a.akamaihd.net/3f5d5581-9ad2-4795-ba92-12751ff379ef/140/215/60/False/_j35lroLZjKXIFcVS4dK9w.jpg,https://www.kobo.com/tw/zh/ebook/_j35lroLZjKXIFcVS4dK9w,43,2019
鹿鼎記合集,金庸,5.0,664,https://kbimages1-a.akamaihd.net/670f492c-81c8-4a6f-b459-c52421065403/140/215/60/False/sk-BibeVTTK_P1mnTmbrsg.jpg,https://www.kobo.com/tw/zh/ebook/sk-BibeVTTK_P1mnTmbrsg,44,2019
雪山飛狐合集,金庸,5.0,133,https://kbimages1-a.akamaihd.net/00d6f07d-c3eb-4257-820e-47a451f6d49c/140/215/60/False/FXqzbNCLzzqLYkIVk5PoHA.jpg,https://www.kobo.com/tw/zh/ebook/FXqzbNCLzzqLYkIVk5PoHA,45,2019
俠客行合集,金庸,5.0,265,https://kbimages1-a.akamaihd.net/7b055057-bb34-4ce8-a781-44327155fa7e/140/215/60/False/9YNuatGLwji2mP7IASNKUA.jpg,https://www.kobo.com/tw/zh/ebook/9YNuatGLwji2mP7IASNKUA,46,2019
起源,丹．布朗 Dan Brown,4.5,254,https://kbimages1-a.akamaihd.net/d02dbbf2-179c-4b8a-bd50-255700160141/140/215/60/False/27AJv6-qlDmtsgoCnz9LFA.jpg,https://www.kobo.com/tw/zh/ebook/27AJv6-qlDmtsgoCnz9LFA,47,2019
書劍恩仇錄合集,金庸,4.5,265,https://kbimages1-a.akamaihd.net/81e53d6c-40ed-4618-9b0c-350a10db9a75/140/215/60/False/FT751dfolDiXXjO0noxj1g.jpg,https://www.kobo.com/tw/zh/ebook/FT751dfolDiXXjO0noxj1g,48,2019
一美元的全球經濟之旅：從美國沃爾瑪、中國央行到奈及利亞鐵路，洞悉世界的運作真相,達爾辛妮．大衛(Dharshini David),4.5,255,https://kbimages1-a.akamaihd.net/7fbfafe8-6e9f-4839-9259-bf6867161669/140/215/60/False/Bw9SFaOLjTalFDw5m95zXg.jpg,https://www.kobo.com/tw/zh/ebook/Bw9SFaOLjTalFDw5m95zXg,49,2019
連城訣合集,金庸,5.0,133,https://kbimages1-a.akamaihd.net/c05d4187-b5fb-43b9-a8ed-86bb4f45a679/140/215/60/False/CPQT9spomDGmxu2cckV5Dg.jpg,https://www.kobo.com/tw/zh/ebook/CPQT9spomDGmxu2cckV5Dg,50,2019
碧血劍合集,金庸,0.0,265,https://kbimages1-a.akamaihd.net/550cc383-e7d2-477c-a5e4-999d9c8105cc/140/215/60/False/vMqVhwMgDzWa-_TWd_lUkA.jpg,https://www.kobo.com/tw/zh/ebook/vMqVhwMgDzWa-_TWd_lUkA,51,2019
飛狐外傳合集,金庸,4.0,265,https://kbimages1-a.akamaihd.net/c4115aec-f86a-458d-92d5-870b2fc520aa/140/215/60/False/jkHpzMHvJzesEi1N1ct5lA.jpg,https://www.kobo.com/tw/zh/ebook/jkHpzMHvJzesEi1N1ct5lA,52,2019
人類大命運,哈拉瑞,4.5,383,https://kbimages1-a.akamaihd.net/214525be-a597-4fc8-8f55-4d5e3871713d/140/215/60/False/JB1PbyNhtzWAS9Ip5OPZdA.jpg,https://www.kobo.com/tw/zh/ebook/JB1PbyNhtzWAS9Ip5OPZdA,53,2019
金錢超思考：《華爾街日報》最受歡迎財經作家，25道創造財富的關鍵思考，教你晉升有錢人！,喬納森．克雷蒙（Jonathan Clements）,4.5,219,https://kbimages1-a.akamaihd.net/53d5b863-64e7-4ea9-bf21-1f5779cad524/140/215/60/False/Zt2nCwjsdT6z-0w-XejJQQ.jpg,https://www.kobo.com/tw/zh/ebook/Zt2nCwjsdT6z-0w-XejJQQ,54,2019
臺灣史上最有梗的臺灣史,黃震南,4.5,167,https://kbimages1-a.akamaihd.net/853936c7-6ab9-47b2-846e-9553233a2cbb/140/215/60/False/LFfhsYlgPjiSx2lJ0OGsfQ.jpg,https://www.kobo.com/tw/zh/ebook/LFfhsYlgPjiSx2lJ0OGsfQ,55,2019
一人公司：為什麼小而美是未來企業發展的趨勢,保羅．賈維斯（Paul Jarvis）,5.0,237,https://kbimages1-a.akamaihd.net/4fa30fae-1258-4edc-91da-1f24002b0958/140/215/60/False/XfmtNW3NQDWVSwnAngLmZw.jpg,https://www.kobo.com/tw/zh/ebook/XfmtNW3NQDWVSwnAngLmZw,56,2019
記憶的玩物,布萊克．克勞奇(Blake Crouch),3.5,238,https://kbimages1-a.akamaihd.net/7ae8c2e5-6402-4d6a-8a34-ad1bf2f25120/140/215/60/False/hRrm87RzLDePXF8Bp_s0lw.jpg,https://www.kobo.com/tw/zh/ebook/hRrm87RzLDePXF8Bp_s0lw,57,2019
未來地圖：對工作、商業、經濟全新樣貌，正確的理解與該有的行動,提姆．歐萊禮 Tim O'Reilly,4.5,357,https://kbimages1-a.akamaihd.net/c0cc0b80-2e6b-4c2b-98bf-df7d4123d80d/140/215/60/False/NpEILBsPDjyh_PzutogFkA.jpg,https://www.kobo.com/tw/zh/ebook/NpEILBsPDjyh_PzutogFkA,58,2019
怦然心動的人生整理魔法,近藤麻理惠,4.5,149,https://kbimages1-a.akamaihd.net/062b7c27-eaa8-4d77-8061-3a5b7ff338b0/140/215/60/False/FboerWNssDe2Cxd_5smRVQ.jpg,https://www.kobo.com/tw/zh/ebook/FboerWNssDe2Cxd_5smRVQ,59,2019
黑馬思維,陶德．羅斯,4.5,208,https://kbimages1-a.akamaihd.net/7b5f2f3f-4c9e-45f9-b6e9-a678e7761be5/140/215/60/False/jR89tVf-UjOvjOiRwLSBjw.jpg,https://www.kobo.com/tw/zh/ebook/jR89tVf-UjOvjOiRwLSBjw,60,2019
為什麼最便宜的機票不要買？：經濟學家教你降低生活中每件事的風險，做出最好的選擇,艾莉森‧薛格(Allison Schrager),4.5,229,https://kbimages1-a.akamaihd.net/8d51d6f5-d295-4fbd-a94f-b790dd3db2b9/140/215/60/False/0ylg-xcOxDqV7_7cQJtl_Q.jpg,https://www.kobo.com/tw/zh/ebook/0ylg-xcOxDqV7_7cQJtl_Q,61,2019
金融市場這樣比喻你就懂：33個神比喻，讓你讀懂金融市場的遊戲規則與陷阱,派帝．赫希(Paddy Hirsch),4.0,156,https://kbimages1-a.akamaihd.net/58b0e819-f4f2-4c18-a3a3-17a0e0330d59/140/215/60/False/HvNK8NXLczioJUBAVl6F1g.jpg,https://www.kobo.com/tw/zh/ebook/HvNK8NXLczioJUBAVl6F1g,62,2019
數據、謊言與真相：Google資料分析師用大數據揭露人們的真面目,賽斯．史蒂芬斯—大衛德維茲(Seth Stephens-Davidowitz),4.5,255,https://kbimages1-a.akamaihd.net/0fc40f47-7ed7-4190-aa84-cd5772ee9b72/140/215/60/False/google-27.jpg,https://www.kobo.com/tw/zh/ebook/google-27,63,2019
心理界限,楊嘉玲,4.0,166,https://kbimages1-a.akamaihd.net/9e078fcb-3d24-472f-94af-ff1c8dceb9af/140/215/60/False/KY7PGRVP7TCWB03ELET1Tw.jpg,https://www.kobo.com/tw/zh/ebook/KY7PGRVP7TCWB03ELET1Tw,64,2019
三體（華人第一人雨果獎得主）,劉慈欣,4.5,166,https://kbimages1-a.akamaihd.net/78e8dd35-ace7-436c-badf-b20adec54d13/140/215/60/False/kTCU7-k8WDSAP_mSmbCRtA.jpg,https://www.kobo.com/tw/zh/ebook/kTCU7-k8WDSAP_mSmbCRtA,65,2019
大腦減壓的子彈筆記術：用Evernote打造快狠準任務整理系統,電腦玩物站長(Esor),4.5,177,https://kbimages1-a.akamaihd.net/0e60c52c-8df3-4c24-8825-41653513c9a8/140/215/60/False/evernote-6.jpg,https://www.kobo.com/tw/zh/ebook/evernote-6,66,2019
快速抓重點，過目不忘的閱讀術：年讀700本人氣書評家高效率閱讀技巧大公開,印南敦史,4.0,166,https://kbimages1-a.akamaihd.net/1165d52d-83c4-4293-aac7-d924bb549179/140/215/60/False/XYs9YOQcUTa1bU6V75ftjA.jpg,https://www.kobo.com/tw/zh/ebook/XYs9YOQcUTa1bU6V75ftjA,67,2019
蘋果橘子思考術,李維特,4.5,166,"https:data:image/gif;base64,R0lGODlhAQABAAAAACH5BAEKAAEALAAAAAABAAEAAAICTAEAOw==",https://www.kobo.com/tw/zh/ebook/EgEVi1JHyTC7Iep7lzg5Xw,68,2019
跟各國人都可以聊得來：語言大師教你如何掌握三大關鍵快速精通各國語言，學了就不忘！,加百列．懷納(Gabriel Wyner),0.0,259,"https:data:image/gif;base64,R0lGODlhAQABAAAAACH5BAEKAAEALAAAAAABAAEAAAICTAEAOw==",https://www.kobo.com/tw/zh/ebook/FkPPBagUGD-cdlq2rR6hjQ,69,2019
別等到被欺負了才懂這些事: 第一時間就做好衝突管理,喬姬．蒂斯達夫諾 L. Georgi DiStefano,4.5,230,"https:data:image/gif;base64,R0lGODlhAQABAAAAACH5BAEKAAEALAAAAAABAAEAAAICTAEAOw==",https://www.kobo.com/tw/zh/ebook/1tPHHzeuLjugYmLq3YFEnA,70,2019
富爸爸，窮爸爸（二十週年紀念版）,羅勃特T•清崎,4.5,234,https://kbimages1-a.akamaihd.net/7d5362cc-91e0-403f-9003-b5dcdfe35b94/140/215/60/False/wq69VgKE6ziuMLAXnkPsog.jpg,https://www.kobo.com/tw/zh/ebook/wq69VgKE6ziuMLAXnkPsog,71,2019
注意力商人: 他們如何操弄人心? 揭密媒體、廣告、群眾的角力戰,吳修銘 Tim Wu,4.5,387,https://kbimages1-a.akamaihd.net/ef041954-4f48-4c25-b947-f0b742da0ea1/140/215/60/False/57v1S1A_TD2sNNBRrqkzEQ.jpg,https://www.kobo.com/tw/zh/ebook/57v1S1A_TD2sNNBRrqkzEQ,72,2019
斜槓青年：全球職涯新趨勢，迎接更有價值的多職人生,Susan Kuang,4.5,167,https://kbimages1-a.akamaihd.net/7bcfe708-9d6c-4267-acb5-1eb63bc5153b/140/215/60/False/kbbC5ti0ZzOtrTzrostPaA.jpg,https://www.kobo.com/tw/zh/ebook/kbbC5ti0ZzOtrTzrostPaA,73,2019
偷書賊：建構統治者神話的文化洗劫與記憶消滅,安德斯．李戴爾(Anders Rydell),5.0,265,https://kbimages1-a.akamaihd.net/fc3b980a-0865-4945-9c6e-7d8b5463201b/140/215/60/False/qVxTVV9pcjm-v04d7YMrSw.jpg,https://www.kobo.com/tw/zh/ebook/qVxTVV9pcjm-v04d7YMrSw,74,2019
白垃圾：美國四百年來被隱藏的階級真相,南西．伊森伯格,4.0,369,https://kbimages1-a.akamaihd.net/ce3b0cba-3828-4bf6-b37b-e1ac2be08f03/140/215/60/False/qb8xNIfdWjWnBA3bXc-9eQ.jpg,https://www.kobo.com/tw/zh/ebook/qb8xNIfdWjWnBA3bXc-9eQ,75,2019
你的善良必須有點鋒芒,慕顏歌,4.5,167,https://kbimages1-a.akamaihd.net/7552655d-ee58-4b1f-8852-e0e1b6fbd5cc/140/215/60/False/_puAKyMYJzasNM5MrzF9Xw.jpg,https://www.kobo.com/tw/zh/ebook/_puAKyMYJzasNM5MrzF9Xw,76,2019
大會計師教你從財報數字看懂經營本質,張明輝,4.5,234,https://kbimages1-a.akamaihd.net/421b0e59-233a-4fc1-bcf6-f91ef3e1c331/140/215/60/False/Gav2tl-_rDu276cIXhKRAg.jpg,https://www.kobo.com/tw/zh/ebook/Gav2tl-_rDu276cIXhKRAg,77,2019
商業思維Business Thinking：職涯躍進的唯一解！一次搞懂企業如何高效運轉！,游舒帆(Gipi),5.0,199,"https:data:image/gif;base64,R0lGODlhAQABAAAAACH5BAEKAAEALAAAAAABAAEAAAICTAEAOw==",https://www.kobo.com/tw/zh/ebook/business-thinking,78,2019
從未來寫回來的逆算手帳,小堀純子,4.5,196,"https:data:image/gif;base64,R0lGODlhAQABAAAAACH5BAEKAAEALAAAAAABAAEAAAICTAEAOw==",https://www.kobo.com/tw/zh/ebook/PAlp_P9NPDytmcmwI-2Vzw,79,2019
大人們的餐桌,蔡子強,4.0,166,"https:data:image/gif;base64,R0lGODlhAQABAAAAACH5BAEKAAEALAAAAAABAAEAAAICTAEAOw==",https://www.kobo.com/tw/zh/ebook/CHJ-Vh6aAz-VpUeRYcnkZA,80,2019
成為這樣的我：蜜雪兒‧歐巴馬,蜜雪兒‧歐巴馬,4.5,345,https://kbimages1-a.akamaihd.net/813fa7a7-0895-49da-afcd-309619f2ecf9/140/215/60/False/AGihqU8SITG2HZm0CYvq1Q.jpg,https://www.kobo.com/tw/zh/ebook/AGihqU8SITG2HZm0CYvq1Q,81,2019
起床後的黃金1小時：揭開64位成功人士培養高效率的祕密時光，從他們的創意晨型活動中，建立屬於自己的高生產力、高抗壓生活習慣,班傑明．史鮑(Benjamin Spall)、麥可．桑德(Michael Xander),5.0,199,https://kbimages1-a.akamaihd.net/7bf8b1f5-0b7f-409f-855d-02855e75e390/140/215/60/False/kW9AVCcdgzynezK86dZC6g.jpg,https://www.kobo.com/tw/zh/ebook/kW9AVCcdgzynezK86dZC6g,82,2019
永久檔案,愛德華．史諾登 Edward Snowden,4.0,232,https://kbimages1-a.akamaihd.net/4d14ac93-7e85-4b70-a59a-a8ff87bd40a0/140/215/60/False/uoWFqH14NDyC40H4hITjKg.jpg,https://www.kobo.com/tw/zh/ebook/uoWFqH14NDyC40H4hITjKg,83,2019
給力,珮蒂．麥寇德,4.5,177,https://kbimages1-a.akamaihd.net/3785c159-f921-459e-ad2b-4511f13177aa/140/215/60/False/LmdwFmXRyDSopQh3YSbfBQ.jpg,https://www.kobo.com/tw/zh/ebook/LmdwFmXRyDSopQh3YSbfBQ,84,2019
一流的人如何保持顛峰,布萊德．史托伯格 Brad Stulberg,4.5,226,https://kbimages1-a.akamaihd.net/9c8b7c26-eb70-4c1f-b89e-5c0bf07edcf5/140/215/60/False/jsBZ_iLQOzieRiE9XICpwg.jpg,https://www.kobo.com/tw/zh/ebook/jsBZ_iLQOzieRiE9XICpwg,85,2019
經濟學的40堂公開課：倫敦政經學院教授，生動剖析經濟學家如何思考，讓經濟學成為改變世界的力量,奈爾．傑斯坦尼(Niall Kishtainy),4.0,188,https://kbimages1-a.akamaihd.net/8f02f6d2-c0b5-4f4b-8aae-891ced05712a/140/215/60/False/LGjgTAItFDCFrlPs7MwyLQ.jpg,https://www.kobo.com/tw/zh/ebook/LGjgTAItFDCFrlPs7MwyLQ,86,2019
80/20法則（20週年擴充新版）,理查．柯克,4.0,249,https://kbimages1-a.akamaihd.net/a8cab3cf-e13b-40f8-8cb5-2a6cf483114b/140/215/60/False/F68QdmIU3zmEfLEnIZT4Aw.jpg,https://www.kobo.com/tw/zh/ebook/F68QdmIU3zmEfLEnIZT4Aw,87,2019
行為：暴力、競爭、利他，人類行為背後的生物學,羅伯．薩波斯基 ROBERT M. SAPOLSKY,4.5,714,"https:data:image/gif;base64,R0lGODlhAQABAAAAACH5BAEKAAEALAAAAAABAAEAAAICTAEAOw==",https://www.kobo.com/tw/zh/ebook/hrZoaRE2VTi6cj1McaCX7w,88,2019
心流：高手都在研究的最優體驗心理學,米哈里．契克森米哈伊 Mihaly Csikszentmihalyi,4.0,309,"https:data:image/gif;base64,R0lGODlhAQABAAAAACH5BAEKAAEALAAAAAABAAEAAAICTAEAOw==",https://www.kobo.com/tw/zh/ebook/tPzkGhS52zmRv3pnnEHrXg,89,2019
被討厭的勇氣 二部曲完結篇：人生幸福的行動指南,岸見一郎,4.5,190,"https:data:image/gif;base64,R0lGODlhAQABAAAAACH5BAEKAAEALAAAAAABAAEAAAICTAEAOw==",https://www.kobo.com/tw/zh/ebook/3aFL-MVFNTimHucupnWv_Q,90,2019
我殺的人與殺我的人,東山彰良,4.5,166,https://kbimages1-a.akamaihd.net/18c606e3-27e5-4c9e-8e5d-a03bb41fc0b6/140/215/60/False/831wd8FydDqm7rBJoL1PnQ.jpg,https://www.kobo.com/tw/zh/ebook/831wd8FydDqm7rBJoL1PnQ,91,2019
毒家企業,湯姆・溫萊特 Tom Wainwright,5.0,255,https://kbimages1-a.akamaihd.net/0051cdc6-111c-4c84-a3e8-0201ff7cb25c/140/215/60/False/szqWf3iorD2jYVcqOT71pQ.jpg,https://www.kobo.com/tw/zh/ebook/szqWf3iorD2jYVcqOT71pQ,92,2019
陸王,池井戶潤,5.0,268,https://kbimages1-a.akamaihd.net/6e50e516-a4cb-475c-8d9c-85233f250a78/140/215/60/False/Hilb3scc8jKhZr5fINPE7A.jpg,https://www.kobo.com/tw/zh/ebook/Hilb3scc8jKhZr5fINPE7A,93,2019
"精準提問的力量: 問對問題, 就解決一半的問題! 風靡美國政商學界的11種提問思考教你挖掘真相×扭轉逆勢×創造全新格局",法蘭克．賽斯諾 Frank Sesno,4.5,190,https://kbimages1-a.akamaihd.net/9927eae4-3194-4d7f-99cf-3062e366f321/140/215/60/False/jJ8t8VIxKTSLIBaEOCaqMQ.jpg,https://www.kobo.com/tw/zh/ebook/jJ8t8VIxKTSLIBaEOCaqMQ,94,2019
解決問題的商業框架圖鑑,AND股份有限公司,4.5,274,https://kbimages1-a.akamaihd.net/975103a7-332c-42b0-9dc1-787a3a2edbb2/140/215/60/False/_EuGtnro_T63ixmsd4jLOA.jpg,https://www.kobo.com/tw/zh/ebook/_EuGtnro_T63ixmsd4jLOA,95,2019
薩提爾的對話練習：以好奇的姿態，理解你的內在冰山，探索自己，連結他人,李崇建,4.5,221,https://kbimages1-a.akamaihd.net/a1629cf5-b5e1-46a5-b23e-12697c8b1b5b/140/215/60/False/GH2bhdK9MTOy28eyh6jzcQ.jpg,https://www.kobo.com/tw/zh/ebook/GH2bhdK9MTOy28eyh6jzcQ,96,2019
暴政：掌控關鍵年代的獨裁風潮，洞悉時代之惡的20堂課,提摩希‧史奈德,4.0,134,https://kbimages1-a.akamaihd.net/fba24c9f-c81c-4792-9de2-66657e2fae45/140/215/60/False/sGS78d71UzuW8ll6ZeBvGw.jpg,https://www.kobo.com/tw/zh/ebook/sGS78d71UzuW8ll6ZeBvGw,97,2019
風險之書：看人類如何探索、衡量，進而戰勝風險,彼得．伯恩斯坦,5.0,277,"https:data:image/gif;base64,R0lGODlhAQABAAAAACH5BAEKAAEALAAAAAABAAEAAAICTAEAOw==",https://www.kobo.com/tw/zh/ebook/_QoeTFSL4jurPc428psqVg,98,2019
時光邊緣的男人,麥特．海格,4.5,220,"https:data:image/gif;base64,R0lGODlhAQABAAAAACH5BAEKAAEALAAAAAABAAEAAAICTAEAOw==",https://www.kobo.com/tw/zh/ebook/_62TwAFWhzenAJFHTkevtA,99,2019
可複製的領導力：300萬付費會員推崇，樊登的九堂商業課,樊登,4.5,179,"https:data:image/gif;base64,R0lGODlhAQABAAAAACH5BAEKAAEALAAAAAABAAEAAAICTAEAOw==",https://www.kobo.com/tw/zh/ebook/2uvlHXUrFza6yn70dBvp6g,100,2019
